"tweet id","username","text"
"1.0978559055369E+18","depheliolopes","Carlos Marighella tinha vi√©s comunista e foi o criador da ALN, 
a√ß√£o libertadora nacional que agia por meio de atentados 
terrorista na √©poca do regime militar. 
#DepHelioLopes #MinhaCor√âoBrasil https://t.co/JrOIl6FwY9"
"1.0978559055369E+18","depheliolopes","Carlos Marighella tinha vi√©s comunista e foi o criador da ALN, 
a√ß√£o libertadora nacional que agia por meio de atentados 
terrorista na √©poca do regime militar. 
#DepHelioLopes #MinhaCor√âoBrasil https://t.co/JrOIl6FwY9"
"1.2175052548137E+18","CarlaZambelli38","O filme do Marighella n√£o vem para o Brasil porque √© MUITO RUIM, n√£o por conta de suposta ‚Äúcensura‚Äù.

J√° o filme estrelado por Wagner Moura - Sergio - √© uma baita produ√ß√£o e com certeza irei assistir.

N√£o h√° nada contra a boa arte. H√° contra mentiras e filmes porcaria. Simples."
"1.0978207876067E+18","CarlaZambelli38","DITADURA: Em repres√°lia ao filme de Wagner Moura, Lava Jato persegue at√© o motorista do Marighella!

üòÇüòÇüòÇ"
"1.0972137175221E+18","CarlaZambelli38","Voc√™ vai assistir ao filme do Marighella?

N√£o interessa: voc√™ pagou pelo ingresso do mesmo jeito.

Em 2013, ainda no governo Dilma, o filme exaltando o assassino foi autorizado a captar R$ 10.285.835,35 de dinheiro que iria para os cofres p√∫blicos.

https://t.co/ZnZIvo5l6Z"
"1.0969149821708E+18","CarlaZambelli38","Palavras do Marighella:

‚ÄúObjetivos essenciais: A extermina√ß√£o f√≠sica dos chefes e assistentes das for√ßas armadas e da pol√≠cia. √â necess√°rio que todo guerrilheiro urbano tenha em mente que somente poder√° sobreviver se est√° disposto a matar os policiais.‚Äù

#marighellaterrorista"
"1.4673863860891E+18","PauloMartins10","Assisti ao filme ""Marighella"", de Wagner Moura.  Moura fez Lula assistir ao filme no Sindicato dos Metal√∫rgicos do ABC. S√£o 2 horas e 29 minutos de dura√ß√£o.  Eu garanto: Lula foi torturado."
"1.4661730520734E+18","PauloMartins10","Pipoca com camar√£o?

https://t.co/mJvN7JIWDq"
"1.4595407677609E+18","PauloMartins10","Ah, que gracinha ...
https://t.co/oST18MNG1j"
"1.4552732649521E+18","PauloMartins10","Pra provar que voc√™ n√£o √© racista, n√£o pode repudiar a hist√≥ria de um terrorista. Que lixo. 

Seu Jorge diz que ataques a 'Marighella' s√£o racistas e pa√≠s n√£o sabe lidar com isso https://t.co/mtyrPC2rPO"
"1.19145019248E+18","PauloMartins10","Isso √© rid√≠culo. O que mais tem na C√¢mara √© discurso de deputado em defesa de ditaduras sanguin√°rias, como Cuba e URSS, exalta√ß√£o ao terrorista Marighella e coisas do tipo. Esse ""decoro"" s√≥ vale pra um lado?

Rede protocola pedido de cassa√ß√£o de Eduardo - https://t.co/4jcVBps4AR"
"1.0981973318901E+18","PauloMartins10","Marighella √© um fracasso no mundo que repudia o terrorismo https://t.co/VAsH64tvxd"
"1.0974860017092E+18","JJVieira6","@bernardopkuster's account has been withheld in Brazil, Worldwide in response to a legal demand. Learn more."
"1.158806548292E+18","Leonardomequi1","Esse √© o melhor v√≠deo imparcial que explica quem foi Marighella, assistam, vale a pena!!

https://t.co/154ZDJn0sr"
"1.0969966944101E+18","Damadeferroofic","@caalsi78 @junqueira2018 https://t.co/r2nupzpGFu"
"1.0645678465026E+18","RejanePaiva","Ben√≠cio del Toro √© humilhado por jornalista cubana. 

Louca pra ver quem vai fazer a entrevista com Wagner Moura a respeito do Marighella... n√£o aceito nada menos que isso rsrs ü§£@BlogDoPim @radardamidia @conexaopolitica @augustosnunes @claudioedantas 

https://t.co/YZDrhNspxQ"
"1.0975936042546E+18","LiloVLOG","Lixo https://t.co/cYyeF5UtV5"
"1.4557755447511E+18","clauwild1","A primeira foto mostra o terrorista Carlos Marighella morto, o autor do ‚ÄòMini-manual do Guerrilheiro Urbano‚Äô, publicado em 1969. A ‚Äúobra‚Äù do criminoso serve de inspira√ß√£o para movimentos revolucion√°rios comunistas, e √© tamb√©m adotada por terroristas isl√¢micos. Eis seu legado! https://t.co/SKFswqTxy0"
"1.1914556685129E+18","clauwild1","@jandira_feghali Bom, para quem deixou o Brasil e foi para a R√∫ssia comemorar a Revolu√ß√£o que promoveu o mortic√≠nio de 100 milh√µes de pessoas, e exaltar figuras como Lenin e Stalin, homenagear o terrorista Marighella n√£o assusta! Faz parte do ‚Äòpacote‚Äô dos adoradores de genocidas."
"1.0971302437883E+18","clauwild1","@MarceloFreixo O que o senhor diria sobre o fato do livro do Carlos Marighella ser usado pelos terroristas do ISIS e j√° ter servido de inspira√ß√£o para os terroristas do RAF e para Sadam Hussein? Seria a ‚Äúrevolu√ß√£o humanista‚Äù- quanto mais mortos melhor?"
"1.0971146528557E+18","clauwild1","@Humano05846854 https://t.co/zrRonW06VN"
"1.0971131547048E+18","clauwild1","Albert A.Stahel, especialista em terrorismo, em entrevista de 24.03.16, trouxe uma informa√ß√£o importante: terroristas do ISIS usam em suas a√ß√µes o ""Minimanual do Guerrilheiro Urbano"", do terrorista brasileiro Carlos Marighella. Mais um falso her√≥i bajulado pela esquerda nacional."
"1.0970276828424E+18","clauwild1","@157Felipeboy Eu fiquei imaginando exatamente isso. Imagina s√≥: fazem uma porcaria de filme para louvar um assassino! Um tapa na cara dos familiares das v√≠timas desse traste que foi Marighella."
"1.0970255548287E+18","clauwild1","Ano passado, em Berlim, a camarilha cevada com dinheiro p√∫blico apresentou o filme ‚ÄúO Processo‚Äù; a narrativa do ‚Äògolpe‚Äô que derrubou a saudadora da mandioca. Agora, a mesma trupe surge com apologia ao terrorismo em filme que tenta humanizar o assassino Marighella. Um ultraje."
"1.0939628552364E+18","clauwild1","Eu n√£o sabia que o Marighella era negro! https://t.co/XYUXhuvaBK"
"1.067776453021E+18","clauwild1","Acabo de ler, no portal do Cr√≠tica Nacional, que o Brasil - pelas m√£os do ex-motorista de Carlos Marighella - deve assinar o estapaf√∫rdio ""Pacto Global Migrat√≥rio"". √â uma porcaria oficial atr√°s da outra. N√£o d√° nem tempo de respirar."
"1.0311373080562E+18","clauwild1","O Brasil come√ßou a colher os primeiros frutos da Lei da Imigra√ß√£o. Temos que agradecer ao seu autor, o ex-motorista do Marighella @Aloysio_Nunes, a todos que contribu√≠ram para a aprova√ß√£o da legisla√ß√£o, e tamb√©m a esquerda brasileira que financiou e apoiou o regime chavista."
"1.0175724628659E+18","clauwild1","@LulaOficial Visitas chiqu√©rrimas!Um √© ex-guerrilheiro do MR-8, mentor do sequestro do embaixador americano. O outro, petista de carteirinha, √© o ex-chanceler que nos providenciou o honroso t√≠tulo de ‚Äúan√£o diplom√°tico‚Äù. Se Marighella estivesse vivo seria presen√ßa cativa na PF de Curitiba."
"1.0971090281011E+18","boni_z","Um exelente doming√£o a todos, menos para o Wagner Moura.

O cara que quer ressuscitar o BRANCO Marighella como sendo NEGRO...

J√° meteram o dedo no dislayk  ???

Simb√≥ra tratorar esse lixo...

https://t.co/Kpch5IweGR"
"1.1675675795165E+18","cesargleyton","@luciano_hang's account has been withheld in Brazil, Worldwide in response to a legal demand. Learn more."
"1.097106471115E+18","cesargleyton","O filme Marighella tende a ser t√£o verdadeiro quanto ao filme: Lula,  o Filho do Brasil. Condenado ao boicote da #DireitaUnida e consequente Fracasso! https://t.co/ChEItaQAJS"
"1.398654718357E+18","aguedescartoon","BRIGADA MARIGHELLA https://t.co/a49XGfEtVN"
"1.3613696094971E+18","aguedescartoon","Fiz um curso de produ√ß√£o musical em 2015. O professor era um comunista n√≠vel PCO e eu estava com minha veia antipetista pr√©-minion pulsando forte. O caldo entornou quando ele come√ßou a falar bem de Marighella. Toda aula tinha debate, e eram todos contra mim. Um inferno."
"1.354869933835E+18","aguedescartoon","@cotore Poorrraaa o motorist√£o do marighella, quem diria que eu sentiria saudade dele"
"1.0970038807753E+18","aguedescartoon","@elysonalves √ìbvio! Marighella era terrorista!"
"1.0970035170914E+18","aguedescartoon","O cara t√° comparando Marielle e Marighella! https://t.co/TXB42HWJwe"
"1.0386494372105E+18","aguedescartoon","@freire_roberto @FabioRicardoGon @alexbuhr @augustodefranco @jairbolsonaro Se tivesse exaltado Marighella ou Che Guevara (como aconteceu naquela noite) o senhor n√£o chamaria de anti-democr√°tico."
"1.0968121303372E+18","crisspaiva","Marighella, pro UOL, ""n√£o foi um monstro, apenas um ser humano truculento capaz de cometer assassinatos e viol√™ncias variadas. Acima de tudo, fiel aos seus princ√≠pios. Um humanista.""

Fascista sou eu, amiguinho.
Assassino do lado certo √© humanista que chama, n√©?

Bando de fdp. https://t.co/BollvEWCHn"
"1.0979105715828E+18","heitorfreirece","Wagner Moura: de her√≥i √† vergonha nacional. Uma an√°lise sobre o filme vergonhoso sobre ‚ÄúMarighella‚Äù https://t.co/MQYZLYUJZv"
"1.423334989782E+18","carteiroreaca","Est√£o noticiando que a Justi√ßa liberou o Galo do Lula, autor no atentado contra o monumento ao Borba Gato. Se est√° liberado incendiar monumentos e ficar por isso mesmo, vou pessoalmente com uma picareta retirar o monumento em homenagem a Carlos Marighella."
"1.3290386232877E+18","danielpmerj","@danielPMERJ's account has been withheld in Brazil in response to a legal demand. Learn more."
"1.280196870393E+18","danielpmerj","@danielPMERJ's account has been withheld in Brazil in response to a legal demand. Learn more."
"1.2633184229449E+18","danielpmerj","@danielPMERJ's account has been withheld in Brazil in response to a legal demand. Learn more."
"1.2497588649139E+18","danielpmerj","@danielPMERJ's account has been withheld in Brazil in response to a legal demand. Learn more."
"1.2192287430651E+18","danielpmerj","@danielPMERJ's account has been withheld in Brazil in response to a legal demand. Learn more."
"1.2166908434379E+18","danielpmerj","@danielPMERJ's account has been withheld in Brazil in response to a legal demand. Learn more."
"1.1871052339122E+18","danielpmerj","@danielPMERJ's account has been withheld in Brazil in response to a legal demand. Learn more."
"1.1775937295674E+18","danielpmerj","@danielPMERJ's account has been withheld in Brazil in response to a legal demand. Learn more."
"1.1772870652115E+18","danielpmerj","@danielPMERJ's account has been withheld in Brazil in response to a legal demand. Learn more."
"1.1672231557793E+18","danielpmerj","@danielPMERJ's account has been withheld in Brazil in response to a legal demand. Learn more."
"1.1344762337885E+18","danielpmerj","@danielPMERJ's account has been withheld in Brazil in response to a legal demand. Learn more."
"1.1871107273893E+18","aruthcao","@danielPMERJ's account has been withheld in Brazil in response to a legal demand. Learn more."
"1.1595759682998E+18","aruthcao","@danieltpjf @folha_poder üáßüá∑ Exatamente!! Enaltecer Marighella, Che Guevara, Stalin!!!"
"1.0975326363718E+18","aruthcao","@Gus_Moreira @0_marcia @macunaimaz @HumbertoReisJr @SPD_33 @PPReacaRN @tininhasouza191 @AraciPatriota @JesusOpressor1 @gio_divanna üáßüá∑ ""Marighella"" √© um fracasso babaca!!! üòÇüòÇüòÇüòÇüòÇ"
"1.093932598081E+18","aruthcao","@PedroVillela17 @vania37144139 üáßüá∑ Carlos Marighella, inimigo n¬∫ 1 do Brasil, no Regime Militar!!"
"1.0939317269366E+18","aruthcao","üáßüá∑Esse √© o verdadeiro TERRORISTA MARIGHELLA!!! No filme (pasmem!!), o personagem √© interpretado por Seu Jorge!!! https://t.co/BG2evFBdvw"
"1.0938762507567E+18","aruthcao","üáßüá∑Mas, que raios de ""licen√ßa po√©tica"" √© essa???? MARIGHELLA N√ÉO ERA NEGRO!!! Querem enganar o p√∫blico!!! https://t.co/DHBWKreFEH"
"1.0933249780098E+18","aruthcao","@JornalOGlobo üáßüá∑Qual o problema??? Voc√™s divulgam MARIGHELLA, um assassino!!!"
"1.0732056876505E+18","aruthcao","@ATodicaky @RoseDBarros üáßüá∑ Aloysio Nunes, o motorista de Marighella!"
"1.068982138954E+18","aruthcao","@Princesa_Dahas @PinochetDaChina @OdinT707 @crixtal7 @CristinaResilie @Ezequiasns @AraciPatriota @Antonio20431788 @miguelitamarsil @EliahuGaona üáßüá∑Leiam essa mat√©ria!!! O PACTO GLOBAL MIGRAT√ìRIO facilitar√° a invas√£o isl√¢mica!!! O motorista de Marighella vai assinar essa praga!!!
BBC News Brasil - Estupradas, agredidas e vendidas: meninas relatam abusos nas m√£os do EI https://t.co/Ivc4jGekMM"
"1.0212315164736E+18","aruthcao","üáßüá∑O motorista de Marighella t√° na boa!!! Por isso, a mulher n√£o quis que ele entregasse o minist√©rio!!! Ressocializando o dinheiro suado do povo!!! https://t.co/6ag8RDcU4s"
"1.0104222634333E+18","aruthcao","@PMorenoB @FlavioXSid @limaynardes @Jorge42931348 @AnaBiapax @niceferrante @CatharinaLima7 @mfmMimi @luiztenda @TonyII_1960 @PauloFr61402360 @Jan101871 @Rita_Guim @CambeiroMaria @BetoFontes @LimaDoc @freitas_ivanize @Francoubiratan @Gus_Moreira @CarlitoMoraes @MarcosA05996429 üáßüá∑ Motorista de Marighella!!!"
"1.0070595383008E+18","aruthcao","üáßüá∑ Exatamente!!! Pra toda lei arrumam uma brecha pra livrar seus pares... Vamos ver que novidades o julgamento de Gleisi nos trar√°... Os inqu√©ritos do motorista de Marighella j√° foram arquivados... üôÑ https://t.co/K6Ixqg28jL"
"1.4646142624926E+18","capitaoderrite","A opini√£o da Veja sobre o Marighella mudou muito depois do filme do Wagner Moura. Percebem como tudo na m√≠dia √© divulgado conforme a narrativa que eles querem compor? https://t.co/9tEHrhJTCN"
"1.4076878640838E+18","pastorliomar","Um deputado do Pi√ßol de S√£o Paulo, esquerdopata imundo, deseja trocar o nome da Rodovia Castello Branco por Rodovia Carlos Marighella.
Espero que o deputado @DouglasGarcia e demais deputados paulistas, n√£o permitam que um lixo terrorista e assassino seja homenageado dessa forma!"
"1.5113907297294E+18","filgmartin","Mesmo alguns dos que hoje reconhecem alguns crimes cometidos no passado e em outros pa√≠ses, insistem em negar crimes cometidos aqui e chamam de ""luta pela democracia"" a a√ß√£o de terroristas, como Marighella, que tentaram implementar no Brasil um regime ditatorial e t√≠tere da URSS."
"1.0983662633599E+18","filgmartin","Mist√©rio que s√≥ @Aloysio_Nunes, ex-motorista de Marighella e investigado pela Lava-Jato, pode responder: como eu, que nunca prestei o concurso do MRE, poderia ter sido reprovado nele? Aloysio prestar√° contas √† justi√ßa por usar mentiras para denegrir minha atua√ß√£o profissional. https://t.co/eaoi368Q3a"
"1.5251349371244E+18","leandroruschel","O motorista do Marighella apoiar√° Lula, quem poderia prever? ü§°

Fica a cada dia mais claro como o PSDB representa uma das maiores fraudes pol√≠ticas da hist√≥ria brasileira, participando do Teatro das Tesouras. https://t.co/eIlXs2Enmk"
"1.1128344266884E+18","ailtonbenedito","@cinemarkoficial Cinemark, pretextando exercer atividade apol√≠tica, imp√µe CENSURA POL√çTICA ao filme-document√°rio: ‚Äú1964: o Brasil entre armas e livros‚Äù. A empresa n√£o viu atividade pol√≠tica no filme pol√≠tico ‚ÄúLula, o filho do Brasil‚Äù, e previsivelmente n√£o a ver√° no filme pol√≠tico ‚ÄúMarighella‚Äù. https://t.co/sI6gTqJPRw"
"1.1128341780501E+18","ailtonbenedito","Cinemark, pretextando exercer atividade apol√≠tica, imp√µe CENSURA POL√çTICA ao filme-document√°rio: ‚Äú1964: o Brasil entre armas e livros‚Äù. A empresa n√£o viu atividade pol√≠tica no filme pol√≠tico ‚ÄúLula, o filho do Brasil‚Äù, e previsivelmente n√£o a ver√° no filme pol√≠tico ‚ÄúMarighella‚Äù. https://t.co/rYsRCL1bfS"
"1.1128341175556E+18","ailtonbenedito","@cinemarkoficial Cinemark, pretextando exercer atividade apol√≠tica, imp√µe CENSURA POL√çTICA ao filme-document√°rio: ‚Äú1964: o Brasil entre armas e livros‚Äù. A empresa n√£o viu atividade pol√≠tica no filme pol√≠tico ‚ÄúLula, o filho do Brasil‚Äù, e previsivelmente n√£o a ver√° no filme pol√≠tico ‚ÄúMarighella‚Äù. https://t.co/5Js167JMjr"
"1.0972894867472E+18","ailtonbenedito","@bernardopkuster Marighella era t√£o negro quanto defensor da democracia."
"1.0907123786883E+18","ailtonbenedito","Defensoria P√∫blica da Bahia realiza j√∫ri simulado de terrorista Carlos Marighella. O representante da Defensoria cumprir√° o papel de defender o r√©u. Resta ver se o representante do Minist√©rio P√∫blico pedir√° sua condena√ß√£o ou absolvi√ß√£o. https://t.co/vUTcJL6rVg"
"1.0504254268023E+18","ailtonbenedito","Carlos Marighella e o manual do terror contra a liberdade. Manual que comunistas-socialistas-esquerdistas-artistas-jornalistas etc. desejam que fique escondido, enquanto culpam todas as pessoas de direita de promover viol√™ncia. https://t.co/50HatVfg4D"
"1.4526935053909E+18","carlosjordy",".@AdrillesRJorge comenta a pol√™mica envolvendo o filme do terrorista Marighella e rebate Wagner Moura. https://t.co/EiDaQju5x0"
"1.1950195740659E+18","carlosjordy","Filme do Wagner Moura sobre o terrorista Marighella teve problemas or√ßament√°rios (falta de dinheiro p√∫blico) p/ sua exibi√ß√£o nos cinemas, mas a rede globo matou no peito e vai exibir o filme como s√©rie. Levanta a m√£o quem agora MAIS DO QUE NUNCA vai boicotar a globo?

#GloboLixo"
"1.1899943728232E+18","carlosjordy","Os indignados c/ o AI-5, alegando a afronta √† democracia,s√£o os mesmos q aplaudem como her√≥is Marighella e outros terroristas q assassinavam,sequestravam embaixadores,roubavam bancos e explodiam carros. Ah,mas a√≠ pode,era em nome da ‚Äúdemocracia‚Äù,a mesma implantada √† for√ßa em Cuba"
"1.1272885836463E+18","carlosjordy","@mariomagalhaes_ @ParisFilmes Sabe o que foi obscurantismo? O assassinato de Estela Borges Morato, a primeira mulher brasileira e paulista a ser v√≠tima de Marighella, no trabalho √°rduo contra o terrorismo, em defesa da sociedade, em defesa dos postulados crist√£os e da P√°tria Brasileira. Assassinada 06/11/69."
"1.1243868421184E+18","carlosjordy","Os ex-ministros de Rela√ß√µes Exteriores Celso Amorim e Aloysio Nunes criticaram o Governo por ter reconhecido Guaid√≥ como presidente da Venezuela. O 1o √© petista e foi ministro do governo Lula e o outro foi o motorista de fuga do terrorista Marighella. Precisa dizer alguma coisa?"
"1.1114341046989E+18","carlosjordy","@proftulionit Eu poderia ir tamb√©m no t√∫mulo de Kozel Filho, morto por Dilma Roussef e seu bando da ALN, ou ent√£o no de Estela Borges Morato, investigadora da pol√≠cia civil assassinada por Marighella. Voc√™s t√™m um conceito moral q d√° nojo. Pe√ßam perd√£o pelos milh√µes de mortes ao redor do mundo"
"1.110716881953E+18","carlosjordy","MPF ent√£o entende q comemorar a contrarrevolu√ß√£o de 64 configura improbidade? E enaltecer terroristas como Marighella? N√£o v√£o me calar. Sou deputado e tenho imunidade parlamentar, n√£o podemos ser responsabilizados por votos e opini√µes. Basta de ativismo!

https://t.co/Kkb3QN9nJl"
"1.1093486525171E+18","carlosjordy","@RafaM_Pacheco @laryssarrocha S√≥ quem j√° viveu o mal sabe reconhecer o mal. √â isso q meus av√≥s falam dos comunista terroristas como Marighella q roubavam bancos, sequestravam e matavam em nome da causa, e √© isso q os poloneses e ucranianos falam sobre os horrores do comunismo q viveram na pr√≥pria pele."
"1.1093479507932E+18","carlosjordy","@cynaramenezes @Marcelodedois St√°lin era de extrema direita 
Mao era de extrema direita
Pol Pot era de extrema direita
Marighella era de extrema direita
Che era de extrema direita
O Freddy Krugger era de extrema direita
Maduro √â de extrema direita

Faltou algum para extremar a extrema merda q voc√™ falou?"
"1.0980114280517E+18","carlosjordy","Deputado do PSOL faz homenagem a Marighella mais uma vez em plen√°rio colocando-o como um her√≥i. A narrativa mentirosa e hip√≥crita deles deve ser combatida ou v√£o reescrever a hist√≥ria mais uma vez.

#MarighellaAssassino https://t.co/WeqoBiZQ33"
"1.0971312215645E+18","carlosjordy","Depois de colocar Seu Jorge como Marighella, agora s√≥ falta Wagner Moura colocar Jean Wyllys no papel de Che Guevara. Se um negro pode representar um branco, por que um gay n√£o pode representar um assassino homof√≥bico? https://t.co/qUEaNU7ugs"
"1.0978694620726E+18","bernardopkuster","@bernardopkuster's account has been withheld in Brazil, Worldwide in response to a legal demand. Learn more."
"1.0978330063483E+18","bernardopkuster","@bernardopkuster's account has been withheld in Brazil, Worldwide in response to a legal demand. Learn more."
"1.0976024760926E+18","bernardopkuster","@bernardopkuster's account has been withheld in Brazil, Worldwide in response to a legal demand. Learn more."
"1.0975200391069E+18","bernardopkuster","@bernardopkuster's account has been withheld in Brazil, Worldwide in response to a legal demand. Learn more."
"1.0975102537789E+18","bernardopkuster","@bernardopkuster's account has been withheld in Brazil, Worldwide in response to a legal demand. Learn more."
"1.0975093309271E+18","bernardopkuster","@bernardopkuster's account has been withheld in Brazil, Worldwide in response to a legal demand. Learn more."
"1.097493763965E+18","bernardopkuster","@bernardopkuster's account has been withheld in Brazil, Worldwide in response to a legal demand. Learn more."
"1.0974686819978E+18","bernardopkuster","@bernardopkuster's account has been withheld in Brazil, Worldwide in response to a legal demand. Learn more."
"1.0971205268694E+18","bernardopkuster","@bernardopkuster's account has been withheld in Brazil, Worldwide in response to a legal demand. Learn more."
"1.0961074363044E+18","bernardopkuster","@bernardopkuster's account has been withheld in Brazil, Worldwide in response to a legal demand. Learn more."
"1.0847914544704E+18","bernardopkuster","@bernardopkuster's account has been withheld in Brazil, Worldwide in response to a legal demand. Learn more."
"1.2178427720294E+18","flaviogordon","‚ÄúNingu√©m precisa gostar do Marighella... mas eu gosto pacas‚Äù. https://t.co/JyzDbDBgeM"
"1.2178425250813E+18","flaviogordon","@MarceloLins68 J√° entendemos que voc√™ gosta do Marighella, pode parar de teatrinho..."
"1.4555996360692E+18","paulocruzphi","Aqui, meu artigo de 2019 sobre a celeuma em torno da escolha de Seu Jorge ‚Äî que tamb√©m ajudou a propagar a mentira do guerrilheiro com um ‚Äúrace card‚Äù absurdo ‚Äî para o papel:

https://t.co/hatAeYiVc2"
"1.4555996339385E+18","paulocruzphi","O fato de ser ‚Äúdescendente de escravos‚Äù n√£o faz de ningu√©m automaticamente negro. Ou qualquer um pode ser, at√© Brilhante Ustra. O que Wagner Moura fez com Marighella foi uma mistifica√ß√£o. Ali√°s, o pr√≥prio bi√≥grafo do guerrilheiro demente sua descend√™ncia autodeclarada: (+) https://t.co/Bw9SwByWcS"
"1.441056740511E+18","paulocruzphi","O evangelho de Vieira √© pura iman√™ncia e fala mansa. O ser humano (o pobre) n√£o √© pecador, √© oprimido; n√£o h√° reden√ß√£o, h√° luta; n√£o h√° Gra√ßa, h√° direitos. Jesus √© uma esp√©cie de Marighella, e o Evangelho √© o Manual do Guerrilheiro Urbano. Celoko, √© muita tosqueira, meu Deus."
"1.0982471287056E+18","paulocruzphi","@gabriolaz @patonalaranja https://t.co/R52ozD0iR6"
"1.0982468938413E+18","paulocruzphi","@gabriolaz @patonalaranja Srta., eu n√£o reivindico a branquitude de Marighella, mas que ele seja representado como √©: mesti√ßo. N√£o sou eu, mas o ‚Äúcolorismo‚Äù que difere mesti√ßos de pretos. Se ele n√£o era preto, por que caracteriz√°-lo assim? Qual a inten√ß√£o? Respondo: brancos fazendo pol√≠tica usando pretos"
"1.0980097742795E+18","paulocruzphi","Meu artigo da semana j√° est√° dispon√≠vel: ‚ÄúMarighella preto √© racismo, sim‚Äù.

#Marighella 
https://t.co/R52ozD0iR6 https://t.co/pIKUWSYCbI"
"1.0968292641446E+18","paulocruzphi","@ezfegundo U√©, por que os militares tomaram o Poder? O recrudescimento do regime s√≥ ocorreu por conta da luta armada na qual pessoas como Marighella se envolveram. Os motivos dessa luta? Os ex-guerrilheiros Gabeira e Eduardo Jorge, por exemplo, explicam, sem mistifica√ß√£o."
"1.0968144799402E+18","paulocruzphi","@ezfegundo Meu caro, e o que isso tem que ver com o fato do sujeito manipular ideologicamente o fen√≥tipo de Marighella, fazendo-o mais preto do que era para encaixar nisso uma narrativa absurda? Wagner Moura mente, √© t√£o simples quanto isso. E o faz com a anu√™ncia de uma milit√¢ncia vendida."
"1.0967664288276E+18","paulocruzphi","@ezfegundo @RegisGalo_13 √â anacr√¥nica porque, se hoje dizemos que o Brasil √© um pa√≠s de maioria negra, a tese do branqueamento virou tese do escurecimento. N√£o √© voc√™ que est√° dizendo que Marighella era negro? Pois √©, ent√£o.
N√£o, √© uma quest√£o de localiza√ß√£o geogr√°fica."
"1.0967478407879E+18","paulocruzphi","@ezfegundo @RegisGalo_13 O que isso tem que ver com o filme? Marighella n√£o era ‚Äúpreto e pobre‚Äù, era um guerrilheiro mesti√ßo. N√£o deve ter sofrido 1/10 do racismo que sofrem os pretos. Essa mistifica√ß√£o suja, de transform√°-lo em her√≥i negro √© rid√≠cula; como se o negro n√£o tivesse representantes melhores."
"1.0967468035449E+18","paulocruzphi","A h√° negros aplaudindo essa vigarice. Marighella foi v√≠tima de suas escolhas. Pensou que luta armada e a viol√™ncia trariam o comunismo, sistema de paz e igualdade. Errou da concep√ß√£o √† execu√ß√£o. Morreu. N√£o tem nada que ver com negros e racismo."
"1.0967463128197E+18","paulocruzphi","‚ÄúRevolu√ß√£o dos negros‚Äù (?!); ‚ÄúO Estado brasileiro √© racista‚Äù (?!); ‚ÄúMarighella, um homem negro [...] foi assassinado pelo Estado‚Äù.
√â a essa mistifica√ß√£o canalha que Wagner Moura est√° submetendo os negros do BR em Berlim. De novo, a esquerda nos usando para atingir seus objetivos."
"1.0967378125635E+18","paulocruzphi","@ezfegundo @RegisGalo_13 Mas onde eu disse que sou v√≠tima? Marighella foi v√≠tima, sim, mas de suas escolhas. Ele n√£o quis ‚Äúsuperar a condi√ß√£o de explora√ß√£o da negritude‚Äù, ele pensava que luta armada e a viol√™ncia trariam o comunismo, sistema de paz e igualdade. Errou da concep√ß√£o √† execu√ß√£o. Morreu."
"1.0966392795378E+18","paulocruzphi","@ezfegundo @RegisGalo_13 Mas a quest√£o aqui n√£o √© de descend√™ncia, mas de fen√≥tipo. Marighella passaria tranquilamente por branco se necess√°rio fosse. No tribunal racial das cotas universit√°rias, seria reprovado. Sua negritude √© um instrumento ideol√≥gico de vitimiza√ß√£o; quanto + preto, + cara de v√≠tima."
"1.0949577801743E+18","paulocruzphi","@LuisWaggner Marighella era criminoso. Verdade;
Marighella era de cor diferente de Seu Jorge. Verdade;
Marighella passaria por branco ‚Äî como sempre passou at√© ser transformado ideologicamente em negro. Verdade.
Marighella e sua luta n√£o eram contra o racismo. Verdade.
Onde est√° o problema?"
"1.0949360620473E+18","paulocruzphi","@RBrandao5 @JaksSimao Marighella era mesti√ßo, n√£o era preto retinto ‚Äî uso a mesma l√≥gica que usaram para impedir que Fabiana Cozza interpretasse D. Ivone Lara. Ele seria convenientemente branco caso n√£o fosse de interesse ideol√≥gico que fosse negro. Eu, como preto retinto, tenho o direito de reclamar."
"1.0949306628832E+18","paulocruzphi","@emetpedro Dane-se o contexto. A conveni√™ncia √© o que importa. Caso Marighella tivesse sido um policial torturador, seria tratado como branco. https://t.co/3eWaqjseSf"
"1.0949275334333E+18","paulocruzphi","Uma pergunta b√°sica: o movimento negro e os lacradores racialistas de internet n√£o v√£o dizer nada sobre o Wagner Moura ter usado um negro para representar um criminoso branco? ü§î
#Racismo #Marighella #NaoAEscravidaoIdeologica https://t.co/MN8DPmPASx"
"1.4622141983694E+18","pauloap","@bertaze_r Qual filme, Marighella? Vc foi ver?"
"1.4548810568852E+18","pauloap","Primeiro que o Marighella nem negro era, parem de falar merda

E ataque quem fazia era esse terrorista que hoje t√£o homenageando https://t.co/TTfy7TrUSO"
"1.1973074478636E+18","pauloap","Quer reclamar da homenagem ao Pinochet? OK, sem problemas

Mas ent√£o, n√£o seja um hip√≥crita do caralho e reclame tamb√©m quando homenageiam Marighella, Revolu√ß√£o Russa, Fidel Castro, Coreia do Norte e outras entidades abomin√°veis e sanguin√°rias que sempre recebem honrarias no BR https://t.co/eXnKbe0Zwk"
"1.0979485639618E+18","pauloap","Excelente video do @bernardopkuster explicando quem foi o assassino Carlos Marighella

assistam e compartilhem o link

https://t.co/g1IVisJBHc"
"1.4555277258889E+18","fasalles","Ele quer sua audi√™ncia vc ver√° o filme Marighella? https://t.co/gc33TF3f0K"
"1.0384179344299E+18","fasalles","Boa lembran√ßa o Marighella, assassino her√≥i do outros n√£o √© igual ao meu her√≥i assassino. Incoer√™ncia! https://t.co/AIthwKW3aj"
"1.5251349371244E+18","leandroruschel","O motorista do Marighella apoiar√° Lula, quem poderia prever? ü§°

Fica a cada dia mais claro como o PSDB representa uma das maiores fraudes pol√≠ticas da hist√≥ria brasileira, participando do Teatro das Tesouras. https://t.co/eIlXs2Enmk"
"1.4673863860891E+18","paulomartins10","Assisti ao filme ""Marighella"", de Wagner Moura.  Moura fez Lula assistir ao filme no Sindicato dos Metal√∫rgicos do ABC. S√£o 2 horas e 29 minutos de dura√ß√£o.  Eu garanto: Lula foi torturado."
"1.4661730520734E+18","paulomartins10","Pipoca com camar√£o?

https://t.co/mJvN7JIWDq"
"1.4595407677609E+18","paulomartins10","Ah, que gracinha ...
https://t.co/oST18MNG1j"
"1.4552732649521E+18","paulomartins10","Pra provar que voc√™ n√£o √© racista, n√£o pode repudiar a hist√≥ria de um terrorista. Que lixo. 

Seu Jorge diz que ataques a 'Marighella' s√£o racistas e pa√≠s n√£o sabe lidar com isso https://t.co/mtyrPC2rPO"
"1.19145019248E+18","paulomartins10","Isso √© rid√≠culo. O que mais tem na C√¢mara √© discurso de deputado em defesa de ditaduras sanguin√°rias, como Cuba e URSS, exalta√ß√£o ao terrorista Marighella e coisas do tipo. Esse ""decoro"" s√≥ vale pra um lado?

Rede protocola pedido de cassa√ß√£o de Eduardo - https://t.co/4jcVBps4AR"
"1.0981973318901E+18","paulomartins10","Marighella √© um fracasso no mundo que repudia o terrorismo https://t.co/VAsH64tvxd"
"1.4657997963929E+18","marceloalvaroan","Marighella, fac√≠nora e bandido comunista. Assassino de sangue frio e defensor p√∫blico de atos terroristas (basta ler o seu livro:Minimanual do Guerrilheiro Urbano).Este √© o perfil do bandido que a psolista Jandira Fegalli defende que tenha seu nome no livro dos her√≥is nacionais. https://t.co/q6uTAgJJxU"
"1.2043822251161E+18","dariojjunior","Os mesmos que promoveram um filme em que o Marighella  √© retratado como um negro, reclamam agora da ""vers√£o olavista da hist√≥ria"". T√° muito com√©dia isso. https://t.co/bcIQdZ4DsT"
"1.1128190347253E+18","dariojjunior","Esquerdistas lan√ßam filme sobre o terrorista Marighella, mistificam a ponto de colocar um negro para interpret√°-lo,recebem tapete vermelho,notas elogiosas, avan-premi√©re e o caralho... Jovens direitistas, pesquisadores independentes,lan√ßam document√°rio sobre 64: CENSURA NO LOMBO."
"1.1871180909722E+18","edgaarcia","@danielPMERJ's account has been withheld in Brazil in response to a legal demand. Learn more."
"1.0980084452892E+18","edgaarcia","@bernardopkuster's account has been withheld in Brazil, Worldwide in response to a legal demand. Learn more."
"1.0980083509929E+18","edgaarcia","@bernardopkuster's account has been withheld in Brazil, Worldwide in response to a legal demand. Learn more."
"1.0972709146669E+18","edgaarcia","@bernardopkuster's account has been withheld in Brazil, Worldwide in response to a legal demand. Learn more."
"1.0969297323089E+18","edgaarcia","Tribo do bem, o mundo precisa saber que Wagner Moura mente e que Marighella foi na verdade um homem branco. Por favor, RT aqui!

#SempePeloBrasil https://t.co/3ob2LLHRKG"
"1.0969291149535E+18","edgaarcia","DO NOT BE FOOLED
The movie Marighella of Wagner Moura is a lie which intends to falsify Brazilian historical reality. The world has to know that Marighella was a white man."
"1.0961613190347E+18","edgaarcia","@bernardopkuster's account has been withheld in Brazil, Worldwide in response to a legal demand. Learn more."
"1.2918687262755E+18","genpaulochagas","Jaques Wagner, quando Gov da Bahia, coerente com os objetivos do FSP, substituiu o nome do Gen Em√≠lio M√©dici pelo do terrorista sanguin√°rio (Carlos Marighella), cujo ide√°rio macabro, exportado como ‚Äúminimanual"" de guerrilha, levou inocentes √† morte em todo  o mundo!"
"1.0845417697134E+18","jrguzzofatos","@MarcosL35011679 @edmilsonpapo10 S√≥ que desta vez n√£o vai ser com dinheiro da Lei Ruan√™ , como no filme do Marighella. Agora ele vai ter de se virar para descolar o dinheiro da produ√ß√£o"
"1.1674238082167E+18","artur_slo","@jairbolsonaro @Marcelodedois https://t.co/CysaONFoMQ"
"1.1674235400958E+18","artur_slo","Enquanto as HIENAS esperneiam, as mudan√ßas est√£o ocorrendo...

'Marighella': Ancine veta pedido de reembolso de mais de R$ 1 milh√£o de produtora do filme

Parab√©ns, presidente @jairbolsonaro 

@Marcelodedois https://t.co/sS40E47SZy"
"1.4931683831682E+18","alex_borges","‚ÄúComunismo nunca pregou viol√™ncia‚Äù. Essa turma j√° leu uma √∫nica linha de L√™nin, Trotsky, Marighella ou conhece esse rapaz aqui?

https://t.co/GIIiq8zpht"
"1.1471465101881E+18","alex_borges","Apenas lembrando que Glauber Braga (PSOL-RJ), o que chamou Moro de ‚Äújuiz ladr√£o‚Äù, √© aquele que homenageou o terrorista Marighella na vota√ß√£o do impeachment na c√¢mara.

https://t.co/R2o4uEVYSX"
"1.0365765329683E+18","alex_borges","O brasileiro √© ensinado desde cedo √† reverenciar Vargas, JK, Jango, Marighella, Lamarca, Brizola e, claro, Lula.
Nossos monarcas e os gigantes do s√©culo XIX como Bonif√°cio e Mau√° s√£o diminu√≠dos, ignorados ou ridicularizados.
O resultado est√° a√≠."
"1.084090055852E+18","lobaoeletrico","WAGNER MOURA, MARIGHELLA E A LEI ROUANET
 https://t.co/rDsxfRZ2aP via @YouTube"
"1.4562810567983E+18","rosedbarros","No dia 04 de novembro de 1969, h√° exatos 52 anos o  guerrilheiro comunista Carlos Marighella foi morto a tiros em S√£o Paulo por agentes da Opera√ß√£o Bandeirante
Na capa da Folha de S. Paulo do dia seguinte, dia 05, o Brasil lia a manchete:
""MORRE O CHEFE TERRORISTA MARIGHELA"" https://t.co/f7tqisHnVW"
"1.4562269923958E+18","rosedbarros","WAGNER MOURA TENTA HUMANIZAR O TERRORISTA ASSASSINO MARIGHELLA https://t.co/TFKS37Goai via @YouTube"
"1.4211777467771E+18","rosedbarros","SP: Monumento a Marighella amanhece coberto de tinta vermelha https://t.co/gGE9fJy2Ne via @agoranoticiasbr"
"1.1674340297566E+18","rosedbarros","Secou a fonte: Ancine veta pedido de reembolso de mais de R$ 1 milh√£o de produtora do filme ‚ÄòMarighella‚Äô https://t.co/v3YYBW5oQr"
"1.4584467411839E+18","roxmo","'Marighella' √© o filme brasileiro mais visto desde o in√≠cio da pandemia https://t.co/H6Djtu29r8 // Que tanto ele chora ent√£o? Explicando, d√° uma m√©dia de 20 espectadores por sess√£o."
"1.4559561927366E+18","roxmo","M√¥nica Bergamo: Wagner Moura diz que campanha bolsonarista contra 'Marighella' √© terrorismo https://t.co/uuF3Wc9xHi // V√™-se que ele realmente n√£o sabe o que √© terrorismo."
"1.4551744676557E+18","roxmo","Seu Jorge diz que ataques a 'Marighella' s√£o racistas e pa√≠s n√£o sabe lidar com isso https://t.co/R1NHxqlyoJ // Ficou f√°cil agora, n√©? Quantas categorias de coitadinhos a esquerda j√° inventou? Esses coitadinhos est√£o assumindo a ""coitadeza""? S√≥ pra saber."
"1.4544994031343E+18","roxmo","Wagner Moura puxa 'Fora, Bolsonaro' na pr√©-estreia de 'Marighella' e diz que o filme √© 'de amor'  https://t.co/Nh1YRhmaFl // Por que n√£o lan√ßou nos EUA, onde ele vive? N√£o √© bom o suficiente sem a curriola de lacradores? N√£o se sustenta como hist√≥ria sem a claque?"
"1.4519558037416E+18","roxmo","F√£s de Kim Jong-un, brasileiros enaltecem Coreia do Norte e vibram com m√≠sseis https://t.co/QJ28k8ZEUw ""F√£s de Kim Jong-un"". Isso √© como ser f√£ de Champinha ou de Marighella"
"1.4519398207382E+18","roxmo","Bolsonaro veio do esgoto da hist√≥ria, diz Wagner Moura, que agora lan√ßa 'Marighella' https://t.co/e9qWt9GcZI // Cortaram a grana de fazer filme merda e fica todo mundo putinho e com s√≠ndrome de abstin√™ncia... https://t.co/MBY8z2hfxF"
"1.2384709522137E+18","roxmo","Filme sobre Marielle faz audi√™ncia da Globo despencar - RENOVA M√≠dia https://t.co/KHGSwTeW1D // Marielle is the new Marighella"
"1.2365022872264E+18","roxmo","Vir√° fazer companhia √†quele outro grande sucesso do cinema nacional, Marighella. https://t.co/tQN7cXevkU"
"1.2246890570972E+18","roxmo","J.R. Guzzo: Querem cassar os direitos de Regina Duarte https://t.co/kTLHPzaDIu // E, claro, querem garantir a boquinha. Prepotentes que acham que s√≥ aquilo que oferecem √© cultura. Filmes de Marighella e document√°rios de fic√ß√£o."
"1.1688759675421E+18","roxmo","Ancine recusa assumir preju√≠zos do filme do Marighella ‚Äì Senso Incomum https://t.co/Lh6cDXynf1  // Socialista precisa por a carteira onde est√° a boca. Segura a trozoba a√≠!"
"1.1164535758011E+18","roxmo","Wagner Moura some com Marighella
https://t.co/AMF2zW1r0w"
"1.0981909556462E+18","roxmo","Cr√≠tica internacional detona filme do guerrilheiro Marighella https://t.co/yvGNt3yuKi"
"1.0978362099997E+18","roxmo","Quem foi Marighella? O terrorista homenageado por Wagner Moura - RENOVA M√≠dia https://t.co/zpj3NPTF2M"
"1.0975087117011E+18","roxmo","Olha quem fala: o Marighella! https://t.co/wsKVo7z6g3"
"1.0967604525442E+18","roxmo","Com o sucesso de filme sobre Marighella em Berlim, Haddad tira sarro do Ultraje a Rigor 
https://t.co/IFgfouLgTo // Engra√ßado, todo mundo tirou sarro do poste durante a campanha, mas n√£o saiu nos jornais..."
"1.0967566355388E+18","roxmo","Marighella:
https://t.co/txQORDH5Iw / modelos de a√ß√£o 
assaltos, invas√µes, ocupa√ß√µes, emboscadas, guerra de nervos, greves, desvios, tomas, expropria√ß√µes de armas, muni√ß√µes e explosivos, liberta√ß√£o de prisioneiros, execu√ß√µes... // Esse √© o her√≥i."
"1.0964092744593E+18","roxmo","'Ultraje', ironiza Haddad sobre aplausos para o filme 'Marighella' em Berlim
https://t.co/8qeeNkFsbk // Que babaca."
"1.0527470020592E+18","roxmo","@FlaviaFLepique pode crer. Sendo que ele interpretou Pablo Escobar e Marighella"
"1.0527292776224E+18","roxmo","E o Marighella √© o qu√™, babaca? https://t.co/LNO55hkPbE"
"1.1374893436801E+18","gfiuza_oficial","Fazer um filme exaltando Marighella n√£o tem problema nenhum. O cinema-exalta√ß√£o est√° cheio de panfletos biogr√°ficos, assiste quem quer. O problema √© o cara fazer trocadilho de Marighella com Marielle e fingir q √© tudo a mesma luta contra a ditadura... A√≠ virou bad trip, parceiro."
"1.0971940147665E+18","gfiuza_oficial","Capit√£o Nascimento compara Marighella com Marielle e tranquiliza a todos: n√£o entendo nada de pol√≠tica, estou s√≥ jogando palavra cruzada."
"1.1991171609725E+18","josemedeirosmt","Se esse filme do Wagner Moura sobre marighella fosse um filme bom, explodiria at√© em marte. O filme n√£o decolou quer culpar governo."
"1.0978741877069E+18","josemedeirosmt","‚ÄúA Guerra Psicol√≥gica tem como objetivo desinformar, difundindo inverdades e meias verdades, criando, assim, um ambiente de nervosismo, descr√©dito, inseguran√ßa, incerteza e intranquilidade para o governo.‚Äù 

(Minimanual do Guerrilheiro Urbano, de Carlos Marighella, 1969)"
"1.445079505585E+18","marcofeliciano","E come√ßa a ova√ß√£o da extrema imprensa ao filme do diretor esquerdista em louvor ao  bandido, terrorista e assassino Carlos Marighella. J√° que todos os filmes vem a vis√£o do seu diretor, esperem um ‚Äúsuper-her√≥i‚Äù, vitimista e ‚Äúpatriota‚Äù."
"1.3240293251722E+18","marcofeliciano","Alguns homenageiam os bandidos e esquecem o mocinho. 4 de novembro de 1969, num cerco ao terrorista Carlos Marighella, foi morta a tiros a jovem investigadora de pol√≠cia Estela Borges Morato com 22 anos, jovem intr√©pida que deu sua vida pela sociedade. üôèüèª https://t.co/szW2HeDKJF"
"1.0978223795423E+18","jeffs_araujo35","Aloysio Nunes, o eterno motorista do terrorista Marighella, √© unha e carne com o Paulo Preto."
"1.0972861163137E+18","jeffs_araujo35","@MartinsCarla5 Ou ""Marighella era um sujeito complexo""."
"1.0972185633526E+18","jeffs_araujo35","Bora baixar ainda mais essa nota. Valendo...

ü§∑

https://t.co/4dG8HDoRqd

https://t.co/sXqe1tvXkO"
"1.0972150731841E+18","jeffs_araujo35","Marighella morre no final? https://t.co/mBBMCqwWaz"
"1.0972149464573E+18","jeffs_araujo35","@benebarbosa_mvb Marighella morre no final? https://t.co/4R0p6Ijy69"
"1.0840252226035E+18","jeffs_araujo35","Verdade seja dita: Que texto do professor Marco Ant√¥nio Villafalles sobre o terrorista Marighella.

Que pancada no Wagner Moura."
"1.081284463169E+18","jeffs_araujo35","Falta derrubar o motorista do Marighella.

https://t.co/TsqaCqZ8YA"
"1.0424144032395E+18","jeffs_araujo35","""Si o Bol√ßoniru ganhar eu v√¥ imbora du pais""

Ernesto Marighella, 23 anos, ""freela"", pediu dinheiro do pai pra viajar pra Praia Grande no fim do ano.

#Pas"
"1.0388021625775E+18","jeffs_araujo35","@PradoPecci @jairbolsonaro @gabeiracombr Mas eles n√£o defendem. O Mour√£o explicou que na √©poca era matar ou morrer. Marighella e cia queriam conversa? √ìbvio que n√£o. O @EduardoJorge e o pr√≥prio Gabeira tem v√≠deos que falam sobre o tema. 

Eles queriam a ditadura do proletariado."
"1.0382640028818E+18","jeffs_araujo35","Mour√£o deixando a Miriam Leit√£o full pistola

""Meus her√≥is n√£o morreram de overdose.""

""Her√≥is matam"".

""Tem quem admire Marighella.""

https://t.co/8opn2MNBPJ"
"1.0249688854167E+18","jeffs_araujo35","Trump esmagando a Turquia e o Ir√£ sem guerra.

Mas o Irineu acha que ele √© uma Dilma, um Ciro.

""Aposto que ele nunca leu David Ricardo!"", indagou Irineu para seu professor de geografia/hist√≥ria na sala de aula, na escola estadual de segundo grau, Che Marighella."
"1.2043822251161E+18","dariojjunior","Os mesmos que promoveram um filme em que o Marighella  √© retratado como um negro, reclamam agora da ""vers√£o olavista da hist√≥ria"". T√° muito com√©dia isso. https://t.co/bcIQdZ4DsT"
"1.1128190347253E+18","dariojjunior","Esquerdistas lan√ßam filme sobre o terrorista Marighella, mistificam a ponto de colocar um negro para interpret√°-lo,recebem tapete vermelho,notas elogiosas, avan-premi√©re e o caralho... Jovens direitistas, pesquisadores independentes,lan√ßam document√°rio sobre 64: CENSURA NO LOMBO."
"1.4921625492273E+18","rconstantino","Nossa, que surpresa! O ex-motorista do terrorista Marighella quer ""di√°logo"" com o PT?! O destino de todo tucano √© descer do muro do lado esquerdo e cair no colo do Lula... https://t.co/dnd8syGYUB"
"1.4631639314097E+18","rconstantino","O ex-motorista do terrorista Marighella quer os tucanos no colo do PT de Lula, que defende a ""democracia"" da Nicar√°gua... https://t.co/AvvpTkTCFm"
"1.4577036777336E+18","rconstantino","O sonho de muito ""jornalista"" brasileiro. A√≠ ficaria proibido criticar o terrorista assassino Marighella, por exemplo...
https://t.co/bjzKBVmzlu"
"1.4552779588228E+18","rconstantino","Marighella nem negro era. Meu problema com ele n√£o tem absolutamente NADA a ver com sua cor de pele, e sim com o fato de ele ser um TERRORISTA ASSASSINO COMUNISTA que alguns safados est√£o tentando humanizar ou mesmo transformar em her√≥i... https://t.co/xSUvKPQSP2"
"1.3751497515204E+18","rconstantino","O MBL tucano prefere a volta do motorista do Marighella, alguma d√∫vida? https://t.co/LfpFprximI"
"1.2699943869659E+18","rconstantino","O que cansa √© o duplo padr√£o. Bolsonaro √© meio tosco, mas serve para uma coisa: expor a hipocrisia dos ""moderados"", aqueles que n√£o aceitam ele falar do Ustra, mas n√£o se importam de outros enaltecerem Marighella ou Che Guevara. Pode isso, mas n√£o pode criticar ministro do STF. https://t.co/paQlgMnnHE"
"1.22796131363E+18","rconstantino","O PSOL vive defendendo marginais, especialmente aqueles que usam o manto da ideologia comunista para justificar seus crimes. Foi esse elemento que xingou Moro.
Leia mais em: https://t.co/cYPP0EPtzc"
"1.2279276693603E+18","rconstantino","O PSOL √© um partido c√∫mplice da quadrilha petista, defensor de ditaduras como Venezuela e Cuba e cujos representantes enaltecem terroristas como Marighella. Tem baixa ades√£o popular, elege pol√≠ticos na elite da esquerda caviar, mas como tem representante na m√≠dia, n√£o √© mesmo?!"
"1.1927722315223E+18","rconstantino","""Marighella n√£o foi her√≥i coisa nenhuma. O que foi por ele criado foi o terror de uma popula√ß√£o que nada sabia do contexto pol√≠tico da √©poca.""
Leia mais em: https://t.co/hA6mpXOad5"
"1.0985859527029E+18","rconstantino","https://t.co/I5YAhHNlP3"
"1.0978979788435E+18","rconstantino","Marighella, Wagner Moura e a distopia https://t.co/355LdkLxS2"
"1.097506269295E+18","rconstantino","Marighella: o humanista negro, segundo Wagner Moura, e o terrorista psicopata, segundo os fatos hist√≥ricos 
https://t.co/e3S6i0Bvfw"
"1.2156176047752E+18","paulacamara_","Wagner Moura vive repetindo que seu filme Marighella sofre uma censura velada do governo Bolsonaro

Os respons√°veis pela Ancine, por√©m, enviaram uma nota explicando que a produtora O2 n√£o consegue receber recursos do FSA porque est√° inadimplente

\_(„ÉÑ)_/¬Ø
https://t.co/o2CbzaOeP3"
"1.1671718623439E+18","paulacamara_","Ancine recusa assumir preju√≠zos do filme do Marighella

Como bons esquerdistas, queriam socializar os preju√≠zos

https://t.co/i5XxDc6nqX"
"1.0976277926054E+18","paulacamara_","O site IMDB, maior banco de dados sobre cinema no mundo,¬†deixou de exibir a nota de avalia√ß√£o do filme Marighella. Antes da retirada da informa√ß√£o, o filme brasileiro estava classificado com m√©dia de cr√≠ticas de 2,8  #MarighellaTerrorista https://t.co/0nnKD4ODB8"
"1.0976008732688E+18","paulacamara_","Cr√≠tica alem√£ do filme Marighella #MarighellaTerrorista https://t.co/BtPnuIrCK1"
"1.0975966345764E+18","paulacamara_","Cr√≠tica alem√£ aponta mitifica√ß√£o em ""Marighella""
 Apresent√°-lo como negro ‚Äì e transform√°-lo em alvo com uma frase como ""matar um negro significa matar um vermelho"" ‚Äì √© sair do conflito pol√≠tico e transform√°-lo num conflito racista
#MarighellaTerrorista https://t.co/d8Gv0vT84z"
"1.0975159023194E+18","paulacamara_","O filme sobre o terrorista Carlos Marighella, dirigido por Wagner Moura, custou mais do que a campanha de Jair Bolsonaro √† presid√™ncia da Rep√∫blica. #MarighellaTerrorista
https://t.co/mDYykTltZp"
"1.0975135021667E+18","paulacamara_","‚ÄúMarighella‚Äù empata com filme de K√©fera no IMDB
O filme de Wagner Moura empata com ‚ÄúEu Sou Mais Eu‚Äù no ranking dos filmes mais reprovados pelo p√∫blico #MarighellaTerrorista
https://t.co/5LvuVh5oGp"
"1.097150556853E+18","paulacamara_","‚Äú O terrorismo √© uma arma que o revolucion√°rio n√£o pode abandonar.‚Äù

 Minimanual do Guerrilheiro Urbano

Carlos Marighella

Junho de 1969 

#marighellaterrorista"
"1.0964452309776E+18","paulacamara_","‚ÄúO que surpreende √© que nenhum progressista tenha se queixado do ""escurecimento"" de Marighella no filme, j√° que est√£o associando um homem negro ao banditismo. Ainda ir√£o responder esta pergunta com o argumento da representatividade.‚Äù

https://t.co/npsPyodHNt"
"1.0994412148505E+18","alanghani","N√£o se espantem se, daqui alguns anos, Maduro for tratado como her√≥i. A intelligentsia pintou Fidel, L√™nin, Marighella e at√© a ex-terrorista Dilma como grandes figuras. √â fundamental que se escrevam livros para que a hist√≥ria n√£o seja deturpada futuramente em nome de ideologias."
"1.0973478933407E+18","alanghani","Wagner Moura e seu filme sobre o assassino e terrorista Marighella √© fruto de anos de desinforma√ß√£o, doutrina√ß√£o ideol√≥gica, corrompimento moral e inteligentismo - necessidade de fazer o discurso do mainstream esquerdista para ter o ego inflado e posar de inteligente, descolado."
"1.0973467021205E+18","alanghani","Quer entender por que motivo Wagner Moura e seu filme sobre o assassino Marighella √© levado a s√©rio pela pela turma ""lingui√ßa na cacha√ßa com cerveja artesanal""? Leia a Corrup√ß√£o da Intelig√™ncia @flaviogordon para entender como se deu a infec√ß√£o intelectual e moral no Brasil."
"1.4576989923059E+18","sargentofahur","Pensem no lado positivo do filme ""Marighella"". Ele morre no final."
"1.5251562274074E+18","renato_battista","Quem poderia imaginar isso do motorista do Marighella? Sem novidades.

https://t.co/6yNPP86THR"
"1.1127977066433E+18","renato_battista","Uma esp√©cie de ""Cinema sem Partido"" vai rolar com essa decis√£o do Cinemark de n√£o exibir o document√°rio sobre 1964. Ter√£o que ter a mesma coer√™ncia com o filme do Marighella, ou deveriam ter tido com o filme do Lula. Decis√£o errad√≠ssima."
"1.0978823570828E+18","renato_battista","Com todas essas rela√ß√µes escusas entre o Paulo Preto e o Aloysio Nunes - que foi alvo de opera√ß√£o em sua resid√™ncia - creio que devemos cobrar do Governador @jdoriajr o imediato afastamento do ex-motorista do Marighella da Presid√™ncia da Investe SP. #ForaAloysioNunes"
"1.0971941818802E+18","renato_battista","O pessoal n√£o entendeu o que Wagner Moura quis dizer. Marighella seria uma esp√©cie de trans negro. Ele se torna negro quando a narrativa conv√©m, mesmo que n√£o esteja vivo."
"1.0782875581262E+18","renato_battista","Eu j√° perdi as contas de quantos ministro do Temer o Doria j√° convidou. Acho que estamos no 8o. O nomeado da vez √© o motorista do Marighella. Parabens por esta equipe @jdoriajr #s√≥quen√£o https://t.co/ckog1tPPT5"
"1.134464081963E+18","joicehasselmann","‚ÄúAtivistas pela educa√ß√£o‚Äù usaram coquetel molotov para incendiar ponto de √¥nibus em Goi√¢nia, nesta quinta-feira. Uma a√ß√£o t√≠pica do manual de guerrilha urbana do terrorista Marighella. Algu√©m foi preso? https://t.co/0Z5DTad6le"
"1.0975760099589E+18","joicehasselmann","@jeanwyllys_real e Wagner Moura s√£o o mais novo casal da ""resist√™ncia"". Tudo isso pra disfar√ßar o FRACASSO do filme do Marighella???? https://t.co/jneQjAXB4n"
"1.4906419592408E+18","claudioedantas","Olavo e Marighella juntos https://t.co/AYQkTwrw1j"
"1.4555277258889E+18","fasalles","Ele quer sua audi√™ncia vc ver√° o filme Marighella? https://t.co/gc33TF3f0K"
"1.0384179344299E+18","fasalles","Boa lembran√ßa o Marighella, assassino her√≥i do outros n√£o √© igual ao meu her√≥i assassino. Incoer√™ncia! https://t.co/AIthwKW3aj"
"1.4622141983694E+18","pauloap","@bertaze_r Qual filme, Marighella? Vc foi ver?"
"1.4548810568852E+18","pauloap","Primeiro que o Marighella nem negro era, parem de falar merda

E ataque quem fazia era esse terrorista que hoje t√£o homenageando https://t.co/TTfy7TrUSO"
"1.1973074478636E+18","pauloap","Quer reclamar da homenagem ao Pinochet? OK, sem problemas

Mas ent√£o, n√£o seja um hip√≥crita do caralho e reclame tamb√©m quando homenageiam Marighella, Revolu√ß√£o Russa, Fidel Castro, Coreia do Norte e outras entidades abomin√°veis e sanguin√°rias que sempre recebem honrarias no BR https://t.co/eXnKbe0Zwk"
"1.0979485639618E+18","pauloap","Excelente video do @bernardopkuster explicando quem foi o assassino Carlos Marighella

assistam e compartilhem o link

https://t.co/g1IVisJBHc"
